x1,x2,x3,dt,conv_time,converged,t_final,first_simplex_after_wrap,ever_enters_simplex,ever_enters_inner,wrapped_entry_to_inner_same_visit,wraps_before_first_simplex,wraps_before_first_contracting,wraps_simplex_to_contracting,first_simplex_idx,first_contracting_idx
0.3333333333333333,0.3333333333333333,0.3333333333333333,0.05,6.5,True,6.415427874136762,False,True,True,False,0,0,-1,0,0
0.3333333333333333,0.3333333333333333,0.3333333333333333,0.05,10.0,True,9.882096201288467,False,True,True,False,0,0,-1,0,0
0.3333333333333333,0.3333333333333333,0.3333333333333333,0.05,15.0,True,14.729311252722677,False,True,True,False,0,0,-1,0,0
0.3333333333333333,0.3333333333333333,0.3333333333333333,0.02,6.5,True,6.470935903336017,False,True,True,False,0,0,-1,0,0
0.3333333333333333,0.3333333333333333,0.3333333333333333,0.02,10.0,True,9.937595570562577,False,True,True,False,0,0,-1,0,0
0.3333333333333333,0.3333333333333333,0.3333333333333333,0.02,15.0,True,14.88781216200797,False,True,True,False,0,0,-1,0,0
0.3333333333333333,0.3333333333333333,0.3333333333333333,0.01,6.5,True,6.487231220103182,False,True,True,False,0,0,-1,0,0
0.3333333333333333,0.3333333333333333,0.3333333333333333,0.01,10.0,True,9.97389478874085,False,True,True,False,0,0,-1,0,0
0.3333333333333333,0.3333333333333333,0.3333333333333333,0.01,15.0,True,14.943566364056988,False,True,True,False,0,0,-1,0,0
-2.991592653589793,2.991592653589793,2.991592653589793,0.05,6.5,True,22.77130906463265,True,True,True,True,1,1,0,99,99
-2.991592653589793,2.991592653589793,2.991592653589793,0.05,10.0,True,26.104080122391267,True,True,True,True,1,1,0,99,99
-2.991592653589793,2.991592653589793,2.991592653589793,0.05,15.0,True,30.954346969834848,True,True,True,True,1,1,0,99,99
-2.991592653589793,2.991592653589793,2.991592653589793,0.02,6.5,True,22.812376357332287,True,True,True,True,1,1,0,192,192
-2.991592653589793,2.991592653589793,2.991592653589793,0.02,10.0,True,26.24888498354908,True,True,True,True,1,1,0,192,192
-2.991592653589793,2.991592653589793,2.991592653589793,0.02,15.0,True,31.17910450290756,True,True,True,True,1,1,0,192,192
-2.991592653589793,2.991592653589793,2.991592653589793,0.01,6.5,True,22.84182030123335,True,True,True,True,1,1,0,355,355
-2.991592653589793,2.991592653589793,2.991592653589793,0.01,10.0,True,26.30091249088938,True,True,True,True,1,1,0,355,355
-2.991592653589793,2.991592653589793,2.991592653589793,0.01,15.0,True,31.271709430881714,True,True,True,True,1,1,0,355,355
-2.991592653589793,-2.991592653589793,0.8158889055244893,0.05,6.5,True,55.43234070145152,True,True,True,True,6,6,0,773,773
-2.991592653589793,-2.991592653589793,0.8158889055244893,0.05,10.0,True,58.818152188654004,True,True,True,True,6,6,0,773,773
-2.991592653589793,-2.991592653589793,0.8158889055244893,0.05,15.0,True,63.66537068856503,True,True,True,True,6,6,0,773,773
-2.991592653589793,-2.991592653589793,0.8158889055244893,0.02,6.5,True,55.507128634809526,True,True,True,True,6,6,0,1421,1421
-2.991592653589793,-2.991592653589793,0.8158889055244893,0.02,10.0,True,58.96365115082847,True,True,True,True,6,6,0,1421,1421
-2.991592653589793,-2.991592653589793,0.8158889055244893,0.02,15.0,True,63.900169282907264,True,True,True,True,6,6,0,1421,1421
-2.991592653589793,-2.991592653589793,0.8158889055244893,0.01,6.5,True,55.543446190895715,True,True,True,True,6,6,0,2546,2546
-2.991592653589793,-2.991592653589793,0.8158889055244893,0.01,10.0,True,59.0099559855534,True,True,True,True,6,6,0,2546,2546
-2.991592653589793,-2.991592653589793,0.8158889055244893,0.01,15.0,True,63.97646698782962,True,True,True,True,6,6,0,2546,2546
-1.359814842540815,-1.359814842540815,0.27196296850816326,0.05,6.5,True,33.62353618794076,False,True,True,False,0,0,-1,33,33
-1.359814842540815,-1.359814842540815,0.27196296850816326,0.05,10.0,True,36.9545072364635,False,True,True,False,0,0,-1,33,33
-1.359814842540815,-1.359814842540815,0.27196296850816326,0.05,15.0,True,41.77101754251008,False,True,True,False,0,0,-1,33,33
-1.359814842540815,-1.359814842540815,0.27196296850816326,0.02,6.5,True,33.66418702265879,False,True,True,False,0,0,-1,76,76
-1.359814842540815,-1.359814842540815,0.27196296850816326,0.02,10.0,True,37.08070030244209,False,True,True,False,0,0,-1,76,76
-1.359814842540815,-1.359814842540815,0.27196296850816326,0.02,15.0,True,42.02577310581455,False,True,True,False,0,0,-1,76,76
-1.359814842540815,-1.359814842540815,0.27196296850816326,0.01,6.5,True,33.67849825135705,False,True,True,False,0,0,-1,143,143
-1.359814842540815,-1.359814842540815,0.27196296850816326,0.01,10.0,True,37.135019691261284,False,True,True,False,0,0,-1,143,143
-1.359814842540815,-1.359814842540815,0.27196296850816326,0.01,15.0,True,42.09837754799439,False,True,True,False,0,0,-1,143,143
-1.359814842540815,-0.8158889055244889,0.27196296850816326,0.05,6.5,False,120.02165887837972,True,True,True,True,3,3,0,313,313
-1.359814842540815,-0.8158889055244889,0.27196296850816326,0.05,10.0,False,120.02165887837972,True,True,True,True,3,3,0,313,313
-1.359814842540815,-0.8158889055244889,0.27196296850816326,0.05,15.0,False,120.02165887837972,True,True,True,True,3,3,0,313,313
-1.359814842540815,-0.8158889055244889,0.27196296850816326,0.02,6.5,False,120.00776761254319,True,True,True,True,3,3,0,534,534
-1.359814842540815,-0.8158889055244889,0.27196296850816326,0.02,10.0,False,120.00776761254319,True,True,True,True,3,3,0,534,534
-1.359814842540815,-0.8158889055244889,0.27196296850816326,0.02,15.0,False,120.00776761254319,True,True,True,True,3,3,0,534,534
-1.359814842540815,-0.8158889055244889,0.27196296850816326,0.01,6.5,False,120.00897246777032,True,True,True,True,3,3,0,917,917
-1.359814842540815,-0.8158889055244889,0.27196296850816326,0.01,10.0,False,120.00897246777032,True,True,True,True,3,3,0,917,917
-1.359814842540815,-0.8158889055244889,0.27196296850816326,0.01,15.0,False,120.00897246777032,True,True,True,True,3,3,0,917,917
-0.8158889055244889,-1.359814842540815,0.27196296850816326,0.05,6.5,False,120.02165887837972,True,True,True,True,3,3,0,313,313
-0.8158889055244889,-1.359814842540815,0.27196296850816326,0.05,10.0,False,120.02165887837972,True,True,True,True,3,3,0,313,313
-0.8158889055244889,-1.359814842540815,0.27196296850816326,0.05,15.0,False,120.02165887837972,True,True,True,True,3,3,0,313,313
-0.8158889055244889,-1.359814842540815,0.27196296850816326,0.02,6.5,False,120.00776761254319,True,True,True,True,3,3,0,534,534
-0.8158889055244889,-1.359814842540815,0.27196296850816326,0.02,10.0,False,120.00776761254319,True,True,True,True,3,3,0,534,534
-0.8158889055244889,-1.359814842540815,0.27196296850816326,0.02,15.0,False,120.00776761254319,True,True,True,True,3,3,0,534,534
-0.8158889055244889,-1.359814842540815,0.27196296850816326,0.01,6.5,False,120.00897246777032,True,True,True,True,3,3,0,917,917
-0.8158889055244889,-1.359814842540815,0.27196296850816326,0.01,10.0,False,120.00897246777032,True,True,True,True,3,3,0,917,917
-0.8158889055244889,-1.359814842540815,0.27196296850816326,0.01,15.0,False,120.00897246777032,True,True,True,True,3,3,0,917,917
-0.8158889055244889,-0.8158889055244889,0.27196296850816326,0.05,6.5,True,33.14162317459535,False,True,True,False,0,0,-1,21,21
-0.8158889055244889,-0.8158889055244889,0.27196296850816326,0.05,10.0,True,36.50814237098898,False,True,True,False,0,0,-1,21,21
-0.8158889055244889,-0.8158889055244889,0.27196296850816326,0.05,15.0,True,41.39394527378242,False,True,True,False,0,0,-1,21,21
-0.8158889055244889,-0.8158889055244889,0.27196296850816326,0.02,6.5,True,33.24735003806064,False,True,True,False,0,0,-1,46,46
-0.8158889055244889,-0.8158889055244889,0.27196296850816326,0.02,10.0,True,36.67294411110825,False,True,True,False,0,0,-1,46,46
-0.8158889055244889,-0.8158889055244889,0.27196296850816326,0.02,15.0,True,41.61460684673324,False,True,True,False,0,0,-1,46,46
-0.8158889055244889,-0.8158889055244889,0.27196296850816326,0.01,6.5,True,33.269672947075705,False,True,True,False,0,0,-1,86,86
-0.8158889055244889,-0.8158889055244889,0.27196296850816326,0.01,10.0,True,36.72923785647947,False,True,True,False,0,0,-1,86,86
-0.8158889055244889,-0.8158889055244889,0.27196296850816326,0.01,15.0,True,41.69574862899827,False,True,True,False,0,0,-1,86,86
-1.359814842540815,-0.2719629685081628,0.27196296850816326,0.05,6.5,True,116.27391120326,True,True,True,True,33,33,0,3081,3081
-1.359814842540815,-0.2719629685081628,0.27196296850816326,0.05,10.0,True,119.59043266756764,True,True,True,True,33,33,0,3081,3081
-1.359814842540815,-0.2719629685081628,0.27196296850816326,0.05,15.0,False,120.04043266756761,True,True,True,True,33,33,0,3081,3081
-1.359814842540815,-0.2719629685081628,0.27196296850816326,0.02,6.5,True,116.35309749782955,True,True,True,True,35,35,0,5532,5532
-1.359814842540815,-0.2719629685081628,0.27196296850816326,0.02,10.0,True,119.75975769935941,True,True,True,True,35,35,0,5532,5532
-1.359814842540815,-0.2719629685081628,0.27196296850816326,0.02,15.0,False,120.01975769935936,True,True,True,True,35,35,0,5532,5532
-1.359814842540815,-0.2719629685081628,0.27196296850816326,0.01,6.5,True,116.40425757760812,True,True,True,True,35,35,0,9611,9611
-1.359814842540815,-0.2719629685081628,0.27196296850816326,0.01,10.0,True,119.85210101969969,True,True,True,True,35,35,0,9611,9611
-1.359814842540815,-0.2719629685081628,0.27196296850816326,0.01,15.0,False,120.00210101969977,True,True,True,True,35,35,0,9611,9611
-0.2719629685081628,-1.359814842540815,0.27196296850816326,0.05,6.5,True,116.27391120326,True,True,True,True,33,33,0,3081,3081
-0.2719629685081628,-1.359814842540815,0.27196296850816326,0.05,10.0,True,119.59043266756764,True,True,True,True,33,33,0,3081,3081
-0.2719629685081628,-1.359814842540815,0.27196296850816326,0.05,15.0,False,120.04043266756761,True,True,True,True,33,33,0,3081,3081
-0.2719629685081628,-1.359814842540815,0.27196296850816326,0.02,6.5,True,116.35309749782955,True,True,True,True,35,35,0,5532,5532
-0.2719629685081628,-1.359814842540815,0.27196296850816326,0.02,10.0,True,119.75975769935941,True,True,True,True,35,35,0,5532,5532
-0.2719629685081628,-1.359814842540815,0.27196296850816326,0.02,15.0,False,120.01975769935936,True,True,True,True,35,35,0,5532,5532
-0.2719629685081628,-1.359814842540815,0.27196296850816326,0.01,6.5,True,116.40425757760812,True,True,True,True,35,35,0,9611,9611
-0.2719629685081628,-1.359814842540815,0.27196296850816326,0.01,10.0,True,119.85210101969969,True,True,True,True,35,35,0,9611,9611
-0.2719629685081628,-1.359814842540815,0.27196296850816326,0.01,15.0,False,120.00210101969977,True,True,True,True,35,35,0,9611,9611
