label,x1,x2,x3,visit_number,total_visits,entry_idx,exit_idx,visit_length,hit_inner_basin,neg_coords_before,closest_to_xstar,total_wraps
"wraps=2,  x3=-0.82",-2.991592653589793,-2.991592653589793,-0.8158889055244889,1,5,318,349,31,True,"[np.int64(0), np.int64(1)]",0.45835176980876285,10
"wraps=2,  x3=-0.82",-2.991592653589793,-2.991592653589793,-0.8158889055244889,2,5,522,558,36,True,"[np.int64(0), np.int64(1)]",0.22917919901332678,10
"wraps=2,  x3=-0.82",-2.991592653589793,-2.991592653589793,-0.8158889055244889,3,5,727,762,35,True,"[np.int64(0), np.int64(1)]",0.11458850277599923,10
"wraps=2,  x3=-0.82",-2.991592653589793,-2.991592653589793,-0.8158889055244889,4,5,932,970,38,True,"[np.int64(0), np.int64(1)]",0.057295931742859324,10
"wraps=2,  x3=-0.82",-2.991592653589793,-2.991592653589793,-0.8158889055244889,5,5,1139,1179,40,True,"[np.int64(0), np.int64(1)]",0.028649224681572515,10
"wraps=2,  x3=-0.27",-2.991592653589793,-2.991592653589793,-0.2719629685081628,1,6,319,349,30,True,"[np.int64(0), np.int64(1)]",0.6582045583026405,12
"wraps=2,  x3=-0.27",-2.991592653589793,-2.991592653589793,-0.2719629685081628,2,6,525,558,33,True,"[np.int64(0), np.int64(1)]",0.32909932031657624,12
"wraps=2,  x3=-0.27",-2.991592653589793,-2.991592653589793,-0.2719629685081628,3,6,728,763,35,True,"[np.int64(0), np.int64(1)]",0.16454910863438024,12
"wraps=2,  x3=-0.27",-2.991592653589793,-2.991592653589793,-0.2719629685081628,4,6,934,973,39,True,"[np.int64(0), np.int64(1)]",0.08227433911273442,12
"wraps=2,  x3=-0.27",-2.991592653589793,-2.991592653589793,-0.2719629685081628,5,6,1144,1178,34,True,"[np.int64(0), np.int64(1)]",0.04113708388349187,12
"wraps=2,  x3=-0.27",-2.991592653589793,-2.991592653589793,-0.2719629685081628,6,6,1346,1384,38,True,"[np.int64(0), np.int64(1)]",0.020567567309902016,12
"wraps=4,  x3=+0.27",-2.991592653589793,-2.991592653589793,0.27196296850816326,1,6,528,557,29,True,"[np.int64(0), np.int64(1)]",0.5211314110628913,13
"wraps=4,  x3=+0.27",-2.991592653589793,-2.991592653589793,0.27196296850816326,2,6,729,765,36,True,"[np.int64(0), np.int64(1)]",0.2605670460065782,13
"wraps=4,  x3=+0.27",-2.991592653589793,-2.991592653589793,0.27196296850816326,3,6,938,973,35,True,"[np.int64(0), np.int64(1)]",0.130283193167013,13
"wraps=4,  x3=+0.27",-2.991592653589793,-2.991592653589793,0.27196296850816326,4,6,1145,1180,35,True,"[np.int64(0), np.int64(1)]",0.0651422173151557,13
"wraps=4,  x3=+0.27",-2.991592653589793,-2.991592653589793,0.27196296850816326,5,6,1352,1391,39,True,"[np.int64(0), np.int64(1)]",0.03257045327418425,13
"wraps=4,  x3=+0.27",-2.991592653589793,-2.991592653589793,0.27196296850816326,6,6,1559,1595,36,True,"[np.int64(0), np.int64(1)]",0.016285073674851457,13
"wraps=6,  x3=+0.82",-2.991592653589793,-2.991592653589793,0.8158889055244893,1,6,773,805,32,True,"[np.int64(0), np.int64(1)]",0.5125858253576214,16
"wraps=6,  x3=+0.82",-2.991592653589793,-2.991592653589793,0.8158889055244893,2,6,977,1009,32,True,"[np.int64(0), np.int64(1)]",0.2562927380799419,16
"wraps=6,  x3=+0.82",-2.991592653589793,-2.991592653589793,0.8158889055244893,3,6,1174,1212,38,True,"[np.int64(0), np.int64(1)]",0.12814807253128285,16
"wraps=6,  x3=+0.82",-2.991592653589793,-2.991592653589793,0.8158889055244893,4,6,1384,1422,38,True,"[np.int64(0), np.int64(1)]",0.06407484514645352,16
"wraps=6,  x3=+0.82",-2.991592653589793,-2.991592653589793,0.8158889055244893,5,6,1592,1632,40,True,"[np.int64(0), np.int64(1)]",0.032038136776157466,16
"wraps=6,  x3=+0.82",-2.991592653589793,-2.991592653589793,0.8158889055244893,6,6,1798,1834,36,True,"[np.int64(0), np.int64(1)]",0.01601763516105825,16
"wraps=10, x3=+1.36",-2.991592653589793,-2.991592653589793,1.3598148425408154,1,6,1271,1300,29,True,"[np.int64(0), np.int64(1)]",0.6175853425282084,20
"wraps=10, x3=+1.36",-2.991592653589793,-2.991592653589793,1.3598148425408154,2,6,1477,1511,34,True,"[np.int64(0), np.int64(1)]",0.30879253944031915,20
"wraps=10, x3=+1.36",-2.991592653589793,-2.991592653589793,1.3598148425408154,3,6,1681,1718,37,True,"[np.int64(0), np.int64(1)]",0.1543966166613595,20
"wraps=10, x3=+1.36",-2.991592653589793,-2.991592653589793,1.3598148425408154,4,6,1886,1924,38,True,"[np.int64(0), np.int64(1)]",0.07719791679946289,20
"wraps=10, x3=+1.36",-2.991592653589793,-2.991592653589793,1.3598148425408154,5,6,2092,2130,38,True,"[np.int64(0), np.int64(1)]",0.03859836972486359,20
"wraps=10, x3=+1.36",-2.991592653589793,-2.991592653589793,1.3598148425408154,6,6,2299,2338,39,True,"[np.int64(0), np.int64(1)]",0.01929961380358657,20
"wraps=14, x3=+1.90",-2.991592653589793,-2.991592653589793,1.903740779557141,1,6,1760,1783,23,True,"[np.int64(0), np.int64(1)]",0.7873431117313504,24
"wraps=14, x3=+1.90",-2.991592653589793,-2.991592653589793,1.903740779557141,2,6,1961,1994,33,True,"[np.int64(0), np.int64(1)]",0.3936713541561016,24
"wraps=14, x3=+1.90",-2.991592653589793,-2.991592653589793,1.903740779557141,3,6,2166,2200,34,True,"[np.int64(0), np.int64(1)]",0.19683360758837373,24
"wraps=14, x3=+1.90",-2.991592653589793,-2.991592653589793,1.903740779557141,4,6,2369,2406,37,True,"[np.int64(0), np.int64(1)]",0.09841884493463958,24
"wraps=14, x3=+1.90",-2.991592653589793,-2.991592653589793,1.903740779557141,5,6,2576,2613,37,True,"[np.int64(0), np.int64(1)]",0.049211414642788456,24
"wraps=14, x3=+1.90",-2.991592653589793,-2.991592653589793,1.903740779557141,6,6,2780,2819,39,True,"[np.int64(0), np.int64(1)]",0.024607698787733053,24
"wraps=20, x3=+2.45",-2.991592653589793,-2.991592653589793,2.4476667165734676,1,6,2482,2507,25,True,"[np.int64(0), np.int64(1)]",0.7045978217611922,30
"wraps=20, x3=+2.45",-2.991592653589793,-2.991592653589793,2.4476667165734676,2,6,2681,2715,34,True,"[np.int64(0), np.int64(1)]",0.35229944910205657,30
"wraps=20, x3=+2.45",-2.991592653589793,-2.991592653589793,2.4476667165734676,3,6,2886,2922,36,True,"[np.int64(0), np.int64(1)]",0.1761495380770941,30
"wraps=20, x3=+2.45",-2.991592653589793,-2.991592653589793,2.4476667165734676,4,6,3092,3128,36,True,"[np.int64(0), np.int64(1)]",0.08807608712926827,30
"wraps=20, x3=+2.45",-2.991592653589793,-2.991592653589793,2.4476667165734676,5,6,3301,3339,38,True,"[np.int64(0), np.int64(1)]",0.04404118212007372,30
"wraps=20, x3=+2.45",-2.991592653589793,-2.991592653589793,2.4476667165734676,6,6,3508,3547,39,True,"[np.int64(0), np.int64(1)]",0.02202354348243548,30
"wraps=29, x2=-2.45",-2.991592653589793,-2.447666716573467,2.4476667165734676,1,6,2740,2771,31,True,[np.int64(0)],0.5305083302164156,38
"wraps=29, x2=-2.45",-2.991592653589793,-2.447666716573467,2.4476667165734676,2,6,2966,3001,35,True,[np.int64(0)],0.265254811747583,38
"wraps=29, x2=-2.45",-2.991592653589793,-2.447666716573467,2.4476667165734676,3,6,3196,3232,36,True,[np.int64(0)],0.13262856286239758,38
"wraps=29, x2=-2.45",-2.991592653589793,-2.447666716573467,2.4476667165734676,4,6,3423,3460,37,True,[np.int64(0)],0.06631330350145465,38
"wraps=29, x2=-2.45",-2.991592653589793,-2.447666716573467,2.4476667165734676,5,6,3644,3683,39,True,[np.int64(0)],0.033157035502314615,38
"wraps=29, x2=-2.45",-2.991592653589793,-2.447666716573467,2.4476667165734676,6,6,3865,3904,39,True,[np.int64(0)],0.016580920692424804,38
